date,ts_code,name,action,price,shares,amount,commission,reason,category
2015-03-27,511880.SH,银华日利,buy,101.269,9700,982310.72,982.31,闲置现金扫入,现金管理
2015-06-26,511880.SH,银华日利,sell,101.977,1400,142767.78,285.54,释放现金用于调仓,现金管理
2015-06-26,000895.SZ,双汇发展,buy,20.14,7400,149036.89,149.04,新买入，评分81(🔥 大胆攒股)，股息率6.70%，目标权重15.0%,消费红利
2015-06-26,511880.SH,银华日利,sell,101.977,400,40790.8,81.58,释放现金用于调仓,现金管理
2015-06-26,600066.SH,宇通客车,buy,18.518,2700,49999.95,50.0,新买入，评分65(👀 观察等待)，股息率5.14%，目标权重5.0%,消费红利
2015-06-26,511880.SH,银华日利,sell,101.977,1000,101976.99,203.95,释放现金用于调仓,现金管理
2015-06-26,600660.SH,福耀玻璃,buy,13.604,7400,100666.57,100.67,新买入，评分69(✅ 积极布局)，股息率5.24%，目标权重10.0%,消费红利
2015-06-26,511880.SH,银华日利,sell,101.977,500,50988.49,101.98,释放现金用于调仓,现金管理
2015-06-26,600887.SH,伊利股份,buy,17.638,2800,49385.34,49.39,新买入，评分57(👀 观察等待)，股息率4.31%，目标权重5.0%,消费红利
2015-06-26,511880.SH,银华日利,sell,101.977,500,50988.49,101.98,释放现金用于调仓,现金管理
2015-06-26,600000.SH,浦发银行,buy,15.866,3100,49184.13,49.18,新买入，评分53(👀 观察等待)，股息率4.54%，目标权重5.0%,金融红利
2015-09-25,000895.SZ,双汇发展,sell,17.972,1900,34146.82,68.29,减仓，评分85(🔥 大胆攒股)，权重13.7%→10.1%,消费红利
2015-09-25,600887.SH,伊利股份,sell,15.385,2800,43076.88,86.15,清仓，评分64(👀 观察等待)，低于观察阈值，当前权重4.4%,消费红利
2015-09-25,600377.SH,宁沪高速,buy,8.058,4000,32232.2,32.23,新买入，评分57(👀 观察等待)，股息率4.48%，目标权重3.4%,基础设施红利
2015-09-25,601988.SH,中国银行,buy,3.834,8500,32587.56,32.59,新买入，评分58(👀 观察等待)，股息率4.71%，目标权重3.4%,金融红利
2015-09-25,511880.SH,银华日利,sell,102.627,800,82101.69,164.2,释放现金用于调仓,现金管理
2015-09-25,000651.SZ,格力电器,buy,16.106,6000,96636.54,96.64,新买入，评分85(🔥 大胆攒股)，股息率17.71%，目标权重10.1%,消费红利
2015-09-25,511880.SH,银华日利,sell,102.627,800,82101.69,164.2,释放现金用于调仓,现金管理
2015-09-25,601398.SH,工商银行,buy,4.454,17600,78398.32,78.4,新买入，评分65(✅ 积极布局)，股息率5.45%，目标权重8.1%,金融红利
2015-09-25,511880.SH,银华日利,sell,102.627,300,30788.13,61.58,释放现金用于调仓,现金管理
2015-09-25,601088.SH,中国神华,buy,14.925,2100,31342.31,31.34,新买入，评分63(👀 观察等待)，股息率4.71%，目标权重3.4%,周期资源红利
2015-09-25,511880.SH,银华日利,sell,102.627,300,30788.13,61.58,释放现金用于调仓,现金管理
2015-09-25,601006.SH,大秦铁路,buy,9.099,3500,31846.81,31.85,新买入，评分64(👀 观察等待)，股息率5.02%，目标权重3.4%,基础设施红利
2015-09-25,511880.SH,银华日利,sell,102.627,800,82101.69,164.2,释放现金用于调仓,现金管理
2015-09-25,601288.SH,农业银行,buy,3.113,25200,78450.37,78.45,新买入，评分71(✅ 积极布局)，股息率5.56%，目标权重8.1%,金融红利
2015-09-25,511880.SH,银华日利,sell,102.627,300,30788.13,61.58,释放现金用于调仓,现金管理
2015-09-25,601818.SH,光大银行,buy,4.154,7800,32402.37,32.4,新买入，评分52(👀 观察等待)，股息率4.26%，目标权重3.4%,金融红利
2015-09-25,511880.SH,银华日利,sell,102.627,800,82101.69,164.2,释放现金用于调仓,现金管理
2015-09-25,601939.SH,建设银行,buy,5.295,14800,78370.29,78.37,新买入，评分65(✅ 积极布局)，股息率5.41%，目标权重8.1%,金融红利
2015-09-25,511880.SH,银华日利,sell,102.627,300,30788.13,61.58,释放现金用于调仓,现金管理
2015-09-25,600011.SH,华能国际,buy,8.639,3700,31962.93,31.96,新买入，评分56(👀 观察等待)，股息率4.18%，目标权重3.4%,基础设施红利
2015-09-25,511880.SH,银华日利,sell,102.627,900,92364.4,184.73,释放现金用于调仓,现金管理
2015-09-25,600104.SH,上汽集团,buy,16.346,6000,98077.98,98.08,新买入，评分85(🔥 大胆攒股)，股息率7.56%，目标权重10.1%,消费红利
2015-12-25,601398.SH,工商银行,sell,4.645,5100,23691.29,47.38,减仓，评分64(👀 观察等待)，权重7.2%→5.1%,金融红利
2015-12-25,601288.SH,农业银行,sell,3.267,7500,24500.47,49.0,减仓，评分64(👀 观察等待)，权重7.2%→5.1%,金融红利
2015-12-25,600660.SH,福耀玻璃,sell,15.694,4300,67485.45,134.97,减仓，评分58(👀 观察等待)，权重10.2%→4.2%,消费红利
2015-12-25,601818.SH,光大银行,sell,4.336,7800,33818.15,67.64,清仓，评分46(⏸️ 暂缓)，低于观察阈值，当前权重3.0%,金融红利
2015-12-25,601939.SH,建设银行,sell,5.894,6600,38901.06,77.8,减仓，评分58(👀 观察等待)，权重7.7%→4.2%,金融红利
2015-12-25,600000.SH,浦发银行,sell,19.301,3100,59832.11,119.66,清仓，评分39(⏸️ 暂缓)，低于观察阈值，当前权重5.3%,金融红利
2015-12-25,600104.SH,上汽集团,sell,21.828,1500,32742.23,65.48,减仓，评分76(✅ 积极布局)，权重11.5%→8.5%,消费红利
2015-12-25,601633.SH,长城汽车,buy,12.152,11900,144610.47,144.61,新买入，评分81(🔥 大胆攒股)，股息率6.26%，目标权重12.7%,消费红利
2015-12-25,000895.SZ,双汇发展,buy,21.041,1300,27353.33,27.35,加仓，评分81(🔥 大胆攒股)，股息率6.42%，权重10.2%→12.7%,消费红利
2015-12-25,600690.SH,海尔智家,buy,9.93,4800,47663.62,47.66,新买入，评分63(👀 观察等待)，股息率4.71%，目标权重4.2%,消费红利
2015-12-25,511880.SH,银华日利,buy,103.512,500,51755.96,51.76,闲置现金扫入,现金管理
2016-03-25,000651.SZ,格力电器,sell,19.201,1200,23040.94,46.08,减仓，评分85(🔥 大胆攒股)，权重11.4%→9.1%,消费红利
2016-03-25,000895.SZ,双汇发展,sell,20.1,2200,44219.74,88.44,减仓，评分81(🔥 大胆攒股)，权重13.6%→9.1%,消费红利
2016-03-25,601088.SH,中国神华,sell,13.986,2100,29370.6,58.74,清仓，评分64(👀 观察等待)，低于观察阈值，当前权重2.9%,周期资源红利
2016-03-25,600066.SH,宇通客车,sell,19.72,2700,53244.7,106.49,清仓，评分59(👀 观察等待)，低于观察阈值，当前权重5.3%,消费红利
2016-03-25,600660.SH,福耀玻璃,sell,14.765,3100,45772.18,91.54,清仓，评分59(👀 观察等待)，低于观察阈值，当前权重4.5%,消费红利
2016-03-25,600690.SH,海尔智家,buy,8.508,2300,19569.55,19.57,加仓，评分70(✅ 积极布局)，股息率5.50%，权重4.0%→6.1%,消费红利
2016-03-25,601006.SH,大秦铁路,buy,6.827,9900,67585.52,67.59,加仓，评分81(🔥 大胆攒股)，股息率6.69%，权重2.4%→9.1%,基础设施红利
2016-03-25,600027.SH,华电国际,buy,5.596,5400,30216.19,30.22,新买入，评分58(👀 观察等待)，股息率4.59%，目标权重3.0%,基础设施红利
2016-03-25,600886.SH,国投电力,buy,6.747,4500,30360.33,30.36,新买入，评分50(👀 观察等待)，股息率4.07%，目标权重3.0%,基础设施红利
2016-03-25,511880.SH,银华日利,sell,103.965,100,10396.45,20.79,释放现金用于调仓,现金管理
2016-03-25,600887.SH,伊利股份,buy,14.184,4300,60991.93,60.99,新买入，评分70(✅ 积极布局)，股息率5.36%，目标权重6.1%,消费红利
2016-03-25,511880.SH,银华日利,sell,103.965,300,31189.36,62.38,释放现金用于调仓,现金管理
2016-03-25,601939.SH,建设银行,buy,4.845,6900,33429.4,33.43,加仓，评分72(✅ 积极布局)，股息率5.91%，权重3.9%→7.3%,金融红利
2016-06-24,600377.SH,宁沪高速,sell,8.102,4000,32407.56,64.82,清仓，评分60(👀 观察等待)，低于观察阈值，当前权重3.2%,基础设施红利
2016-06-24,601633.SH,长城汽车,sell,8.392,5100,42797.16,85.59,减仓，评分65(✅ 积极布局)，权重9.9%→5.6%,消费红利
2016-06-24,000895.SZ,双汇发展,sell,20.829,1800,37492.47,74.98,减仓，评分78(✅ 积极布局)，权重9.5%→5.6%,消费红利
2016-06-24,601288.SH,农业银行,sell,3.167,17700,56052.89,112.11,清仓，评分61(👀 观察等待)，低于观察阈值，当前权重5.5%,金融红利
2016-06-24,600886.SH,国投电力,sell,6.494,4500,29220.75,58.44,清仓，评分51(👀 观察等待)，低于观察阈值，当前权重2.9%,基础设施红利
2016-06-24,600887.SH,伊利股份,sell,15.794,4300,67915.02,135.83,清仓，评分29(🚫 回避)，低于观察阈值，当前权重6.7%,消费红利
2016-06-24,600011.SH,华能国际,sell,7.303,3700,27019.95,54.04,清仓，评分60(👀 观察等待)，低于观察阈值，当前权重2.7%,基础设施红利
2016-06-24,600104.SH,上汽集团,sell,20.03,1600,32047.92,64.1,减仓，评分78(✅ 积极布局)，权重8.9%→5.6%,消费红利
2016-06-24,601988.SH,中国银行,buy,3.163,12800,40488.45,40.49,加仓，评分67(✅ 积极布局)，股息率5.54%，权重2.7%→6.7%,金融红利
2016-06-24,000333.SZ,美的集团,buy,22.853,2400,54846.79,54.85,新买入，评分65(✅ 积极布局)，股息率5.26%，目标权重5.6%,消费红利
2016-06-24,600066.SH,宇通客车,buy,19.73,4200,82864.78,82.86,新买入，评分85(🔥 大胆攒股)，股息率7.61%，目标权重8.3%,消费红利
2016-06-24,600741.SH,华域汽车,buy,13.814,4000,55255.2,55.26,新买入，评分77(✅ 积极布局)，股息率5.87%，目标权重5.6%,消费红利
2016-06-24,600660.SH,福耀玻璃,buy,13.774,4000,55095.04,55.1,新买入，评分66(✅ 积极布局)，股息率5.45%，目标权重5.6%,消费红利
2016-06-24,600027.SH,华电国际,buy,4.975,5900,29352.32,29.35,加仓，评分78(✅ 积极布局)，股息率6.04%，权重2.6%→5.6%,基础设施红利
2016-06-24,511880.SH,银华日利,sell,104.605,300,31381.61,62.76,释放现金用于调仓,现金管理
2016-06-24,600023.SH,浙能电力,buy,5.045,11100,55999.94,56.0,新买入，评分66(✅ 积极布局)，股息率5.36%，目标权重5.6%,基础设施红利
2016-09-30,601988.SH,中国银行,sell,3.367,7400,24913.06,49.83,减仓，评分56(👀 观察等待)，权重6.3%→4.1%,金融红利
2016-09-30,000333.SZ,美的集团,sell,26.983,2400,64759.18,129.52,清仓，评分52(👀 观察等待)，低于观察阈值，当前权重5.7%,消费红利
2016-09-30,601633.SH,长城汽车,sell,10.679,6800,72619.31,145.24,清仓，评分46(⏸️ 暂缓)，低于观察阈值，当前权重6.4%,消费红利
2016-09-30,000895.SZ,双汇发展,sell,23.566,2800,65985.95,131.97,清仓，评分62(👀 观察等待)，低于观察阈值，当前权重5.8%,消费红利
2016-09-30,600690.SH,海尔智家,sell,10.13,7100,71922.01,143.84,清仓，评分26(🚫 回避)，低于观察阈值，当前权重6.3%,消费红利
2016-09-30,600741.SH,华域汽车,sell,15.734,4000,62937.0,125.87,清仓，评分61(👀 观察等待)，低于观察阈值，当前权重5.5%,消费红利
2016-09-30,600660.SH,福耀玻璃,sell,16.873,4000,67492.44,134.98,清仓，评分52(👀 观察等待)，低于观察阈值，当前权重5.9%,消费红利
2016-09-30,601939.SH,建设银行,sell,5.175,6100,31566.4,63.13,减仓，评分56(👀 观察等待)，权重6.8%→4.1%,金融红利
2016-09-30,600377.SH,宁沪高速,buy,8.819,4400,38802.76,38.8,新买入，评分53(👀 观察等待)，股息率4.54%，目标权重3.4%,基础设施红利
2016-09-30,600066.SH,宇通客车,buy,22.082,1000,22082.06,22.08,加仓，评分81(🔥 大胆攒股)，股息率6.80%，权重8.1%→10.2%,消费红利
2016-09-30,000876.SZ,新希望,buy,8.068,14400,116180.06,116.18,新买入，评分81(🔥 大胆攒股)，股息率6.82%，目标权重10.2%,周期资源红利
2016-09-30,601006.SH,大秦铁路,buy,6.346,4900,31097.07,31.1,加仓，评分85(🔥 大胆攒股)，股息率7.10%，权重7.4%→10.2%,基础设施红利
2016-09-30,601288.SH,农业银行,buy,3.133,14800,46370.32,46.37,新买入，评分57(👀 观察等待)，股息率5.33%，目标权重4.1%,金融红利
2016-09-30,601818.SH,光大银行,buy,3.794,12200,46284.24,46.28,新买入，评分55(👀 观察等待)，股息率5.01%，目标权重4.1%,金融红利
2016-09-30,600011.SH,华能国际,buy,7.047,16500,116276.16,116.28,新买入，评分81(🔥 大胆攒股)，股息率6.68%，目标权重10.2%,基础设施红利
2016-09-30,000776.SZ,广发证券,buy,16.386,2300,37688.65,37.69,新买入，评分54(👀 观察等待)，股息率4.89%，目标权重3.4%,金融红利
2016-09-30,511880.SH,银华日利,buy,105.569,200,21113.71,21.11,闲置现金扫入,现金管理
2016-12-30,600377.SH,宁沪高速,sell,8.541,4400,37582.38,75.16,清仓，评分48(⏸️ 暂缓)，低于观察阈值，当前权重3.2%,基础设施红利
2016-12-30,000651.SZ,格力电器,sell,24.595,1100,27054.92,54.11,减仓，评分74(✅ 积极布局)，权重10.1%→7.7%,消费红利
2016-12-30,000876.SZ,新希望,sell,8.042,3300,26538.44,53.08,减仓，评分78(✅ 积极布局)，权重9.9%→7.7%,周期资源红利
2016-12-30,601006.SH,大秦铁路,sell,7.073,5600,39608.35,79.22,减仓，评分78(✅ 积极布局)，权重11.1%→7.7%,基础设施红利
2016-12-30,601818.SH,光大银行,sell,3.906,12200,47654.3,95.31,清仓，评分49(⏸️ 暂缓)，低于观察阈值，当前权重4.1%,金融红利
2016-12-30,600011.SH,华能国际,sell,7.043,3800,26763.21,53.53,减仓，评分78(✅ 积极布局)，权重10.0%→7.7%,基础设施红利
2016-12-30,000895.SZ,双汇发展,buy,20.951,4200,87993.91,87.99,新买入，评分74(✅ 积极布局)，股息率5.97%，目标权重7.7%,消费红利
2016-12-30,600066.SH,宇通客车,buy,19.61,1600,31375.34,31.38,加仓，评分85(🔥 大胆攒股)，股息率7.66%，权重8.7%→11.5%,消费红利
2016-12-30,600741.SH,华域汽车,buy,15.966,2700,43108.06,43.11,新买入，评分55(👀 观察等待)，股息率5.08%，目标权重3.8%,消费红利
2016-12-30,600027.SH,华电国际,buy,4.955,6700,33198.16,33.2,加仓，评分74(✅ 积极布局)，股息率6.06%，权重4.8%→7.7%,基础设施红利
2016-12-30,511880.SH,银华日利,buy,106.16,100,10616.04,10.62,闲置现金扫入,现金管理
2017-03-31,601988.SH,中国银行,sell,3.696,13900,51378.57,102.76,清仓，评分49(⏸️ 暂缓)，低于观察阈值，当前权重4.1%,金融红利
2017-03-31,000651.SZ,格力电器,sell,31.668,1800,57002.94,114.01,减仓，评分54(👀 观察等待)，权重9.4%→4.8%,消费红利
2017-03-31,601398.SH,工商银行,sell,4.835,12500,60439.5,120.88,清仓，评分49(⏸️ 暂缓)，低于观察阈值，当前权重4.8%,金融红利
2017-03-31,600741.SH,华域汽车,sell,18.192,2700,49117.83,98.24,清仓，评分47(⏸️ 暂缓)，低于观察阈值，当前权重3.9%,消费红利
2017-03-31,601939.SH,建设银行,sell,5.934,9000,53406.54,106.81,清仓，评分48(⏸️ 暂缓)，低于观察阈值，当前权重4.3%,金融红利
2017-03-31,600066.SH,宇通客车,buy,21.501,1500,32252.22,32.25,加仓，评分81(🔥 大胆攒股)，股息率6.98%，权重11.7%→14.2%,消费红利
2017-03-31,000876.SZ,新希望,buy,8.058,11000,88638.55,88.64,加仓，评分81(🔥 大胆攒股)，股息率6.83%，权重7.1%→14.2%,周期资源红利
2017-03-31,600999.SH,招商证券,buy,16.286,3600,58630.57,58.63,新买入，评分53(👀 观察等待)，股息率4.62%，目标权重4.8%,金融红利
2017-03-31,600027.SH,华电国际,buy,5.045,5600,28252.22,28.25,加仓，评分74(✅ 积极布局)，股息率5.95%，权重7.2%→9.5%,基础设施红利
2017-03-31,600011.SH,华能国际,buy,7.177,3800,27273.25,27.27,加仓，评分78(✅ 积极布局)，股息率6.56%，权重7.3%→9.5%,基础设施红利
2017-03-31,511880.SH,银华日利,buy,106.972,300,32091.49,32.09,闲置现金扫入,现金管理
2017-06-30,000651.SZ,格力电器,sell,41.129,1900,78144.78,156.29,清仓，评分33(🚫 回避)，低于观察阈值，当前权重5.8%,消费红利
2017-06-30,600066.SH,宇通客车,sell,21.948,5200,114129.76,228.26,减仓，评分53(👀 观察等待)，权重13.6%→5.0%,消费红利
2017-06-30,601006.SH,大秦铁路,sell,8.382,12700,106446.45,212.89,清仓，评分30(🚫 回避)，低于观察阈值，当前权重8.0%,基础设施红利
2017-06-30,601288.SH,农业银行,sell,3.516,14800,52043.9,104.09,清仓，评分49(⏸️ 暂缓)，低于观察阈值，当前权重3.9%,金融红利
2017-06-30,600999.SH,招商证券,sell,17.203,3600,61930.01,123.86,清仓，评分47(⏸️ 暂缓)，低于观察阈值，当前权重4.6%,金融红利
2017-06-30,600011.SH,华能国际,sell,7.333,16500,120988.89,241.98,清仓，评分35(🚫 回避)，低于观察阈值，当前权重9.0%,基础设施红利
2017-06-30,600023.SH,浙能电力,sell,5.455,11100,60545.39,121.09,清仓，评分46(⏸️ 暂缓)，低于观察阈值，当前权重4.5%,基础设施红利
2017-06-30,000895.SZ,双汇发展,buy,23.774,4200,99849.75,99.85,加仓，评分85(🔥 大胆攒股)，股息率8.84%，权重7.4%→15.0%,消费红利
2017-06-30,000776.SZ,广发证券,buy,17.267,1500,25900.87,25.9,加仓，评分53(👀 观察等待)，股息率4.64%，权重3.0%→5.0%,金融红利
2017-06-30,300498.SZ,温氏股份,buy,23.463,4500,105585.48,105.59,新买入，评分78(✅ 积极布局)，股息率6.40%，目标权重8.0%,周期资源红利
2017-06-30,511880.SH,银华日利,buy,107.929,3600,388545.12,388.55,闲置现金扫入,现金管理
2017-09-29,600066.SH,宇通客车,sell,24.575,3100,76183.74,152.37,清仓，评分45(⏸️ 暂缓)，低于观察阈值，当前权重5.7%,消费红利
2017-09-29,000876.SZ,新希望,sell,7.363,3800,27977.99,55.96,减仓，评分81(🔥 大胆攒股)，权重12.1%→10.0%,周期资源红利
2017-09-29,600027.SH,华电国际,sell,4.396,23600,103736.16,207.47,清仓，评分30(🚫 回避)，低于观察阈值，当前权重7.7%,基础设施红利
2017-09-29,000776.SZ,广发证券,sell,18.961,3800,72051.88,144.1,清仓，评分24(🚫 回避)，低于观察阈值，当前权重5.4%,金融红利
2017-09-29,600900.SH,长江电力,buy,15.085,4400,66374.31,66.37,新买入，评分54(👀 观察等待)，股息率4.81%，目标权重5.0%,基础设施红利
2017-09-29,000651.SZ,格力电器,buy,37.938,1700,64494.43,64.49,新买入，评分54(👀 观察等待)，股息率4.75%，目标权重5.0%,消费红利
2017-09-29,600741.SH,华域汽车,buy,22.573,2900,65460.39,65.46,新买入，评分52(👀 观察等待)，股息率4.43%，目标权重5.0%,消费红利
2017-09-29,000625.SZ,长安汽车,buy,14.184,4700,66665.6,66.67,新买入，评分53(👀 观察等待)，股息率4.53%，目标权重5.0%,消费红利
2017-09-29,300498.SZ,温氏股份,buy,21.532,1700,36603.57,36.6,加仓，评分81(🔥 大胆攒股)，股息率6.97%，权重7.2%→10.0%,周期资源红利
2017-09-29,511880.SH,银华日利,sell,108.81,600,65285.99,130.57,释放现金用于调仓,现金管理
2017-09-29,000338.SZ,潍柴动力,buy,7.497,8900,66727.66,66.73,新买入，评分53(👀 观察等待)，股息率4.67%，目标权重5.0%,消费红利
2017-09-29,511880.SH,银华日利,sell,108.81,400,43523.99,87.05,释放现金用于调仓,现金管理
2017-09-29,600104.SH,上汽集团,buy,30.22,1500,45330.28,45.33,加仓，评分66(✅ 积极布局)，股息率5.47%，权重6.5%→10.0%,消费红利
2017-12-29,000651.SZ,格力电器,sell,43.656,1700,74215.71,148.43,清仓，评分46(⏸️ 暂缓)，低于观察阈值，当前权重5.2%,消费红利
2017-12-29,600741.SH,华域汽车,sell,29.66,2900,86014.9,172.03,清仓，评分32(🚫 回避)，低于观察阈值，当前权重6.1%,消费红利
2017-12-29,300498.SZ,温氏股份,sell,23.876,1400,33426.54,66.85,减仓，评分78(✅ 积极布局)，权重10.5%→8.0%,周期资源红利
2017-12-29,000338.SZ,潍柴动力,sell,8.332,8900,74151.77,148.3,清仓，评分46(⏸️ 暂缓)，低于观察阈值，当前权重5.2%,消费红利
2017-12-29,600104.SH,上汽集团,sell,32.008,2100,67216.72,134.43,减仓，评分61(👀 观察等待)，权重10.0%→5.0%,消费红利
2017-12-29,600377.SH,宁沪高速,buy,9.86,7100,70004.93,70.0,新买入，评分51(👀 观察等待)，股息率4.26%，目标权重5.0%,基础设施红利
2017-12-29,000876.SZ,新希望,buy,7.457,4500,33558.53,33.56,加仓，评分81(🔥 大胆攒股)，股息率6.71%，权重9.6%→12.0%,周期资源红利
2017-12-29,600011.SH,华能国际,buy,6.176,11400,70408.34,70.41,新买入，评分54(👀 观察等待)，股息率4.70%，目标权重5.0%,基础设施红利
2017-12-29,600023.SH,浙能电力,buy,5.335,13200,70426.36,70.43,新买入，评分52(👀 观察等待)，股息率4.32%，目标权重5.0%,基础设施红利
2017-12-29,511880.SH,银华日利,buy,110.012,800,88009.27,88.01,闲置现金扫入,现金管理
2018-03-30,511880.SH,银华日利,sell,110.892,600,66535.39,133.07,释放现金用于调仓,现金管理
2018-03-30,600066.SH,宇通客车,buy,22.382,3100,69385.32,69.39,新买入，评分52(👀 观察等待)，股息率4.47%，目标权重5.0%,消费红利
2018-03-30,511880.SH,银华日利,sell,110.892,800,88713.85,177.43,释放现金用于调仓,现金管理
2018-03-30,000625.SZ,长安汽车,buy,11.231,7700,86480.39,86.48,加仓，评分77(✅ 积极布局)，股息率5.72%，权重3.8%→10.0%,消费红利
2018-03-30,511880.SH,银华日利,sell,110.892,300,33267.69,66.54,释放现金用于调仓,现金管理
2018-03-30,300498.SZ,温氏股份,buy,20.881,1900,39673.63,39.67,加仓，评分85(🔥 大胆攒股)，股息率7.19%，权重7.1%→10.0%,周期资源红利
2018-03-30,511880.SH,银华日利,sell,110.892,600,66535.39,133.07,释放现金用于调仓,现金管理
2018-03-30,000338.SZ,潍柴动力,buy,8.268,8400,69453.38,69.45,新买入，评分51(👀 观察等待)，股息率4.24%，目标权重5.0%,消费红利
2018-06-29,000895.SZ,双汇发展,sell,26.384,8400,221622.16,443.24,清仓，评分51(👀 观察等待)，低于观察阈值，当前权重16.3%,消费红利
2018-06-29,000876.SZ,新希望,sell,6.334,11300,71570.36,143.14,减仓，评分85(🔥 大胆攒股)，权重10.6%→5.3%,周期资源红利
2018-06-29,600011.SH,华能国际,sell,6.354,11400,72431.5,144.86,清仓，评分23(🚫 回避)，低于观察阈值，当前权重5.3%,基础设施红利
2018-06-29,300498.SZ,温氏股份,sell,21.998,6700,147386.47,294.77,清仓，评分24(🚫 回避)，低于观察阈值，当前权重10.8%,周期资源红利
2018-06-29,000338.SZ,潍柴动力,sell,8.741,8400,73426.5,146.85,清仓，评分45(⏸️ 暂缓)，低于观察阈值，当前权重5.4%,消费红利
2018-06-29,600104.SH,上汽集团,sell,34.955,2300,80396.52,160.79,清仓，评分59(👀 观察等待)，低于观察阈值，当前权重5.9%,消费红利
2018-06-29,601988.SH,中国银行,buy,3.614,18300,66129.06,66.13,新买入，评分54(👀 观察等待)，股息率4.65%，目标权重4.9%,金融红利
2018-06-29,600028.SH,中国石化,buy,6.496,11100,72111.04,72.11,新买入，评分85(🔥 大胆攒股)，股息率7.70%，目标权重5.3%,周期资源红利
2018-06-29,600066.SH,宇通客车,buy,19.209,3800,72994.92,72.99,加仓，评分65(✅ 积极布局)，股息率5.21%，权重4.4%→9.8%,消费红利
2018-06-29,601006.SH,大秦铁路,buy,8.218,16100,132313.18,132.31,新买入，评分77(✅ 积极布局)，股息率5.72%，目标权重9.8%,基础设施红利
2018-06-29,601288.SH,农业银行,buy,3.443,23100,79543.46,79.54,新买入，评分60(👀 观察等待)，股息率5.18%，目标权重5.9%,金融红利
2018-06-29,600183.SH,生益科技,buy,9.169,7200,66017.95,66.02,新买入，评分60(👀 观察等待)，股息率4.91%，目标权重4.9%,周期龙头红利
2018-06-29,600026.SH,中远海能,buy,4.244,15600,66210.14,66.21,新买入，评分52(👀 观察等待)，股息率4.48%，目标权重4.9%,基础设施红利
2018-06-29,000625.SZ,长安汽车,buy,9.009,9700,87387.3,87.39,加仓，评分85(🔥 大胆攒股)，股息率7.13%，权重8.2%→14.6%,消费红利
2018-06-29,511880.SH,银华日利,sell,111.94,300,33582.07,67.16,释放现金用于调仓,现金管理
2018-06-29,600795.SH,国电电力,buy,2.623,25300,66352.29,66.35,新买入，评分51(👀 观察等待)，股息率4.20%，目标权重4.9%,基础设施红利
2018-06-29,511880.SH,银华日利,sell,111.94,600,67164.13,134.33,释放现金用于调仓,现金管理
2018-06-29,601328.SH,交通银行,buy,5.746,11500,66076.01,66.08,新买入，评分54(👀 观察等待)，股息率4.73%，目标权重4.9%,金融红利
2018-06-29,511880.SH,银华日利,sell,111.94,600,67164.13,134.33,释放现金用于调仓,现金管理
2018-06-29,002601.SZ,龙佰集团,buy,12.943,5500,71186.11,71.19,新买入，评分85(🔥 大胆攒股)，股息率8.12%，目标权重5.3%,周期资源红利
2018-09-28,600066.SH,宇通客车,sell,14.655,6900,101121.78,202.24,清仓，评分32(🚫 回避)，低于观察阈值，当前权重7.4%,消费红利
2018-09-28,000876.SZ,新希望,sell,6.124,11500,70424.51,140.85,清仓，评分27(🚫 回避)，低于观察阈值，当前权重5.2%,周期资源红利
2018-09-28,600026.SH,中远海能,sell,4.446,15600,69350.58,138.7,清仓，评分21(🚫 回避)，低于观察阈值，当前权重5.1%,基础设施红利
2018-09-28,600023.SH,浙能电力,sell,5.075,13200,66988.94,133.98,清仓，评分32(🚫 回避)，低于观察阈值，当前权重4.9%,基础设施红利
2018-09-28,600795.SH,国电电力,sell,2.547,25300,64450.49,128.9,清仓，评分31(🚫 回避)，低于观察阈值，当前权重4.7%,基础设施红利
2018-09-28,601238.SH,广汽集团,buy,11.061,6000,66366.3,66.37,新买入，评分59(👀 观察等待)，股息率4.80%，目标权重5.0%,消费红利
2018-09-28,601818.SH,光大银行,buy,3.914,17200,67319.25,67.32,新买入，评分54(👀 观察等待)，股息率4.63%，目标权重5.0%,金融红利
2018-09-28,000157.SZ,中联重科,buy,3.744,35900,134400.27,134.4,新买入，评分66(✅ 积极布局)，股息率5.35%，目标权重9.9%,基础设施红利
2018-09-28,600104.SH,上汽集团,buy,33.313,4000,133253.12,133.25,新买入，评分66(✅ 积极布局)，股息率5.50%，目标权重9.9%,消费红利
2018-09-28,511880.SH,银华日利,sell,112.888,600,67733.03,135.47,释放现金用于调仓,现金管理
2018-09-28,002600.SZ,领益智造,buy,3.183,21100,67165.1,67.17,新买入，评分59(👀 观察等待)，股息率4.72%，目标权重5.0%,周期龙头红利
2018-12-28,601238.SH,广汽集团,sell,10.28,6000,61678.26,123.36,清仓，评分65(👀 观察等待)，低于观察阈值，当前权重4.9%,消费红利
2018-12-28,600028.SH,中国石化,sell,5.045,11100,55998.94,112.0,清仓，评分85(🔥 大胆攒股)，低于观察阈值，当前权重4.5%,周期资源红利
2018-12-28,601006.SH,大秦铁路,sell,8.222,4100,33709.26,67.42,减仓，评分77(✅ 积极布局)，权重10.6%→7.9%,基础设施红利
2018-12-28,601288.SH,农业银行,sell,3.596,23100,83076.84,166.15,清仓，评分55(👀 观察等待)，低于观察阈值，当前权重6.7%,金融红利
2018-12-28,601818.SH,光大银行,sell,3.696,17200,63576.36,127.15,清仓，评分55(👀 观察等待)，低于观察阈值，当前权重5.1%,金融红利
2018-12-28,000157.SZ,中联重科,sell,3.556,8300,29518.45,59.04,减仓，评分76(✅ 积极布局)，权重10.2%→7.9%,基础设施红利
2018-12-28,601328.SH,交通银行,sell,5.784,11500,66518.41,133.04,清仓，评分55(👀 观察等待)，低于观察阈值，当前权重5.3%,金融红利
2018-12-28,002601.SZ,龙佰集团,sell,12.288,5500,67582.35,135.16,清仓，评分85(🔥 大胆攒股)，低于观察阈值，当前权重5.4%,周期资源红利
2018-12-28,601398.SH,工商银行,buy,5.295,9200,48716.67,48.72,新买入，评分53(👀 观察等待)，股息率4.55%，目标权重3.9%,金融红利
2018-12-28,600741.SH,华域汽车,buy,18.418,5300,97617.52,97.62,新买入，评分76(✅ 积极布局)，股息率5.71%，目标权重7.9%,消费红利
2018-12-28,000338.SZ,潍柴动力,buy,7.708,12700,97887.79,97.89,新买入，评分65(👀 观察等待)，股息率5.19%，目标权重7.9%,消费红利
2018-12-28,600104.SH,上汽集团,buy,26.697,1500,40045.0,40.05,加仓，评分81(🔥 大胆攒股)，股息率6.86%，权重8.5%→11.8%,消费红利
2018-12-28,300476.SZ,胜宏科技,buy,11.712,4100,48017.97,48.02,新买入，评分65(👀 观察等待)，股息率5.13%，目标权重3.9%,周期龙头红利
2018-12-28,000100.SZ,TCL科技,buy,2.452,20000,49049.0,49.05,新买入，评分50(👀 观察等待)，股息率4.08%，目标权重3.9%,周期龙头红利
2018-12-28,002600.SZ,领益智造,buy,2.502,18100,45295.25,45.3,加仓，评分78(✅ 积极布局)，股息率6.00%，权重4.2%→7.9%,周期龙头红利
2018-12-28,601009.SH,南京银行,buy,6.466,6400,41385.34,41.39,新买入，评分61(👀 观察等待)，股息率5.34%，目标权重4.7%,金融红利
2019-03-29,601398.SH,工商银行,sell,5.564,9200,51192.76,102.39,清仓，评分47(⏸️ 暂缓)，低于观察阈值，当前权重3.3%,金融红利
2019-03-29,600741.SH,华域汽车,sell,20.36,5300,107905.99,215.81,清仓，评分65(👀 观察等待)，低于观察阈值，当前权重6.9%,消费红利
2019-03-29,600183.SH,生益科技,sell,13.227,7200,95232.67,190.47,清仓，评分32(🚫 回避)，低于观察阈值，当前权重6.1%,周期龙头红利
2019-03-29,000157.SZ,中联重科,sell,4.476,10000,44755.2,89.51,减仓，评分57(👀 观察等待)，权重7.8%→5.0%,基础设施红利
2019-03-29,000338.SZ,潍柴动力,sell,11.838,12700,150344.5,300.69,清仓，评分32(🚫 回避)，低于观察阈值，当前权重9.6%,消费红利
2019-03-29,000100.SZ,TCL科技,sell,4.056,20000,81118.8,162.24,清仓，评分27(🚫 回避)，低于观察阈值，当前权重5.2%,周期龙头红利
2019-03-29,002600.SZ,领益智造,sell,5.554,39200,217734.05,435.47,清仓，评分28(🚫 回避)，低于观察阈值，当前权重13.8%,周期龙头红利
2019-03-29,601009.SH,南京银行,sell,7.902,6400,50573.38,101.15,清仓，评分47(⏸️ 暂缓)，低于观察阈值，当前权重3.2%,金融红利
2019-03-29,601238.SH,广汽集团,buy,11.692,6700,78334.26,78.33,新买入，评分58(👀 观察等待)，股息率4.54%，目标权重5.0%,消费红利
2019-03-29,600028.SH,中国石化,buy,5.746,13700,78716.64,78.72,新买入，评分85(🔥 大胆攒股)，股息率8.71%，目标权重5.0%,周期资源红利
2019-03-29,000895.SZ,双汇发展,buy,25.876,3000,77627.55,77.63,新买入，评分51(👀 观察等待)，股息率4.26%，目标权重5.0%,消费红利
2019-03-29,601006.SH,大秦铁路,buy,8.348,6800,56768.71,56.77,加仓，评分76(✅ 积极布局)，股息率5.64%，权重6.4%→10.0%,基础设施红利
2019-03-29,601288.SH,农业银行,buy,3.734,21000,78408.33,78.41,新买入，评分54(👀 观察等待)，股息率4.78%，目标权重5.0%,金融红利
2019-03-29,600104.SH,上汽集团,buy,26.096,3500,91336.24,91.34,加仓，评分85(🔥 大胆攒股)，股息率7.02%，权重9.1%→15.0%,消费红利
2019-03-29,600019.SH,宝钢股份,buy,7.237,10800,78162.08,78.16,新买入，评分81(🔥 大胆攒股)，股息率6.22%，目标权重5.0%,周期资源红利
2019-03-29,601328.SH,交通银行,buy,6.246,12600,78702.62,78.7,新买入，评分53(👀 观察等待)，股息率4.58%，目标权重5.0%,金融红利
2019-03-29,002601.SZ,龙佰集团,buy,16.136,4800,77453.38,77.45,新买入，评分81(🔥 大胆攒股)，股息率6.51%，目标权重5.0%,周期资源红利
2019-03-29,511880.SH,银华日利,buy,114.599,700,80219.3,80.22,闲置现金扫入,现金管理
2019-06-28,600900.SH,长江电力,sell,17.882,4400,78681.24,157.36,清仓，评分38(⏸️ 暂缓)，低于观察阈值，当前权重5.1%,基础设施红利
2019-06-28,601238.SH,广汽集团,sell,10.919,6700,73157.77,146.32,清仓，评分36(⏸️ 暂缓)，低于观察阈值，当前权重4.7%,消费红利
2019-06-28,000157.SZ,中联重科,sell,6.004,17600,105670.22,211.34,清仓，评分32(🚫 回避)，低于观察阈值，当前权重6.8%,基础设施红利
2019-06-28,300476.SZ,胜宏科技,sell,11.289,4100,46283.67,92.57,清仓，评分22(🚫 回避)，低于观察阈值，当前权重3.0%,周期龙头红利
2019-06-28,600019.SH,宝钢股份,sell,6.494,10800,70129.8,140.26,清仓，评分85(🔥 大胆攒股)，低于观察阈值，当前权重4.5%,周期资源红利
2019-06-28,002601.SZ,龙佰集团,sell,14.815,4800,71112.82,142.23,清仓，评分64(👀 观察等待)，低于观察阈值，当前权重4.6%,周期资源红利
2019-06-28,000895.SZ,双汇发展,buy,24.915,2800,69761.69,69.76,加仓，评分77(✅ 积极布局)，股息率5.83%，权重4.8%→9.3%,消费红利
2019-06-28,601689.SH,拓普集团,buy,15.335,4700,72076.0,72.08,新买入，评分50(👀 观察等待)，股息率4.02%，目标权重4.7%,消费红利
2019-06-28,601169.SH,北京银行,buy,5.916,12200,72174.1,72.17,新买入，评分53(👀 观察等待)，股息率4.52%，目标权重4.7%,金融红利
2019-06-28,600741.SH,华域汽车,buy,21.622,3300,71351.28,71.35,新买入，评分59(👀 观察等待)，股息率4.86%，目标权重4.7%,消费红利
2019-06-28,600660.SH,福耀玻璃,buy,22.753,3100,70533.46,70.53,新买入，评分64(👀 观察等待)，股息率5.06%，目标权重4.7%,消费红利
2019-06-28,000708.SZ,中信特钢,buy,12.713,4000,50850.8,50.85,新买入，评分81(🔥 大胆攒股)，股息率6.30%，目标权重3.3%,周期资源红利
2019-06-28,000625.SZ,长安汽车,buy,6.637,10600,70348.28,70.35,加仓，评分81(🔥 大胆攒股)，股息率6.73%，权重9.4%→14.0%,消费红利
2019-06-28,511880.SH,银华日利,sell,115.073,500,57536.71,115.07,释放现金用于调仓,现金管理
2019-06-28,600023.SH,浙能电力,buy,4.424,16300,72118.05,72.12,新买入，评分50(👀 观察等待)，股息率4.07%，目标权重4.7%,基础设施红利
2019-09-27,600028.SH,中国石化,sell,4.985,13700,68294.64,136.59,清仓，评分85(🔥 大胆攒股)，低于观察阈值，当前权重4.4%,周期资源红利
2019-09-27,601689.SH,拓普集团,sell,11.429,4700,53714.23,107.43,清仓，评分37(⏸️ 暂缓)，低于观察阈值，当前权重3.5%,消费红利
2019-09-27,601288.SH,农业银行,sell,3.487,21000,73216.71,146.43,清仓，评分59(👀 观察等待)，低于观察阈值，当前权重4.8%,金融红利
2019-09-27,600741.SH,华域汽车,sell,23.986,3300,79153.77,158.31,清仓，评分57(👀 观察等待)，低于观察阈值，当前权重5.1%,消费红利
2019-09-27,000708.SZ,中信特钢,sell,15.864,4000,63456.48,126.91,清仓，评分64(👀 观察等待)，低于观察阈值，当前权重4.1%,周期资源红利
2019-09-27,000625.SZ,长安汽车,sell,7.383,32700,241411.35,482.82,清仓，评分16(🚫 回避)，低于观察阈值，当前权重15.7%,消费红利
2019-09-27,600104.SH,上汽集团,sell,23.676,3700,87602.31,175.2,减仓，评分66(✅ 积极布局)，权重13.9%→8.1%,消费红利
2019-09-27,601298.SH,青岛港,buy,7.507,8300,62312.25,62.31,新买入，评分64(👀 观察等待)，股息率5.06%，目标权重4.1%,基础设施红利
2019-09-27,600016.SH,民生银行,buy,6.046,24800,149941.79,149.94,新买入，评分72(✅ 积极布局)，股息率5.71%，目标权重9.7%,金融红利
2019-09-27,000002.SZ,万科Ａ,buy,26.026,2400,62462.4,62.46,新买入，评分50(👀 观察等待)，股息率4.02%，目标权重4.1%,基础设施红利
2019-09-27,601006.SH,大秦铁路,buy,7.618,5800,44182.14,44.18,加仓，评分81(🔥 大胆攒股)，股息率6.31%，权重9.3%→12.2%,基础设施红利
2019-09-27,600660.SH,福耀玻璃,buy,21.702,2600,56424.37,56.42,加仓，评分66(✅ 积极布局)，股息率5.30%，权重4.4%→8.1%,消费红利
2019-09-27,600919.SH,江苏银行,buy,6.797,11000,74764.69,74.76,新买入，评分59(👀 观察等待)，股息率5.01%，目标权重4.9%,金融红利
2019-09-27,001979.SZ,招商蛇口,buy,19.019,3200,60860.8,60.86,新买入，评分51(👀 观察等待)，股息率4.16%，目标权重4.1%,基础设施红利
2019-09-27,000157.SZ,中联重科,buy,5.696,10900,62083.02,62.08,新买入，评分57(👀 观察等待)，股息率4.39%，目标权重4.1%,基础设施红利
2019-09-27,601328.SH,交通银行,buy,5.495,14600,80234.15,80.23,加仓，评分65(✅ 积极布局)，股息率5.46%，权重4.5%→9.7%,金融红利
2019-09-27,511880.SH,银华日利,buy,115.963,200,23192.63,23.19,闲置现金扫入,现金管理
2019-12-27,000002.SZ,万科Ａ,sell,30.969,2400,74325.6,148.65,清仓，评分36(⏸️ 暂缓)，低于观察阈值，当前权重4.6%,基础设施红利
2019-12-27,000895.SZ,双汇发展,sell,28.671,5800,166293.54,332.59,清仓，评分64(👀 观察等待)，低于观察阈值，当前权重10.3%,消费红利
2019-12-27,601006.SH,大秦铁路,sell,8.092,5300,42887.07,85.77,减仓，评分78(✅ 积极布局)，权重12.3%→9.6%,基础设施红利
2019-12-27,600660.SH,福耀玻璃,sell,22.717,5700,129488.38,258.98,清仓，评分64(👀 观察等待)，低于观察阈值，当前权重8.0%,消费红利
2019-12-27,001979.SZ,招商蛇口,sell,19.74,3200,63168.77,126.34,清仓，评分44(⏸️ 暂缓)，低于观察阈值，当前权重3.9%,基础设施红利
2019-12-27,000157.SZ,中联重科,sell,6.533,10900,71214.71,142.43,清仓，评分43(⏸️ 暂缓)，低于观察阈值，当前权重4.4%,基础设施红利
2019-12-27,601328.SH,交通银行,sell,5.614,10500,58950.99,117.9,减仓，评分65(👀 观察等待)，权重9.4%→5.8%,金融红利
2019-12-27,601298.SH,青岛港,buy,6.747,14700,99177.08,99.18,加仓，评分76(✅ 积极布局)，股息率5.63%，权重3.4%→9.6%,基础设施红利
2019-12-27,600028.SH,中国石化,buy,5.055,15300,77342.26,77.34,新买入，评分85(🔥 大胆攒股)，股息率8.32%，目标权重4.8%,周期资源红利
2019-12-27,601288.SH,农业银行,buy,3.734,20800,77661.58,77.66,新买入，评分54(👀 观察等待)，股息率4.66%，目标权重4.8%,金融红利
2019-12-27,601229.SH,上海银行,buy,9.469,8200,77649.57,77.65,新买入，评分54(👀 观察等待)，股息率4.76%，目标权重4.8%,金融红利
2019-12-27,600019.SH,宝钢股份,buy,5.686,13600,77325.25,77.33,新买入，评分85(🔥 大胆攒股)，股息率8.80%，目标权重4.8%,周期资源红利
2019-12-27,601009.SH,南京银行,buy,8.789,8800,77341.26,77.34,新买入，评分53(👀 观察等待)，股息率4.46%，目标权重4.8%,金融红利
2019-12-27,511880.SH,银华日利,buy,116.659,1100,128324.73,128.32,闲置现金扫入,现金管理
2020-03-27,600028.SH,中国石化,sell,4.486,15300,68628.3,137.26,清仓，评分85(🔥 大胆攒股)，低于观察阈值，当前权重4.7%,周期资源红利
2020-03-27,600016.SH,民生银行,sell,5.704,5100,29091.88,58.18,减仓，评分76(✅ 积极布局)，权重9.8%→7.8%,金融红利
2020-03-27,600019.SH,宝钢股份,sell,4.765,13600,64807.13,129.61,清仓，评分85(🔥 大胆攒股)，低于观察阈值，当前权重4.5%,周期资源红利
2020-03-27,600900.SH,长江电力,buy,16.927,2700,45702.66,45.7,新买入，评分50(👀 观察等待)，股息率4.02%，目标权重3.2%,基础设施红利
2020-03-27,601169.SH,北京银行,buy,4.885,10700,52268.22,52.27,加仓，评分72(✅ 积极布局)，股息率5.86%，权重4.1%→7.8%,金融红利
2020-03-27,511880.SH,银华日利,sell,117.122,200,23424.49,46.85,释放现金用于调仓,现金管理
2020-03-27,600660.SH,福耀玻璃,buy,19.57,4700,91976.88,91.98,新买入，评分77(✅ 积极布局)，股息率5.88%，目标权重6.5%,消费红利
2020-03-27,511880.SH,银华日利,sell,117.122,400,46848.97,93.7,释放现金用于调仓,现金管理
2020-03-27,600919.SH,江苏银行,buy,6.146,7200,44252.21,44.25,加仓，评分71(✅ 积极布局)，股息率5.54%，权重4.7%→7.8%,金融红利
2020-03-27,511880.SH,银华日利,sell,117.122,300,35136.73,70.27,释放现金用于调仓,现金管理
2020-03-27,600023.SH,浙能电力,buy,3.423,11000,37657.62,37.66,加仓，评分69(✅ 积极布局)，股息率5.26%，权重3.9%→6.5%,基础设施红利
2020-03-27,511880.SH,银华日利,sell,117.122,200,23424.49,46.85,释放现金用于调仓,现金管理
2020-03-27,600104.SH,上汽集团,buy,20.551,1500,30825.79,30.83,加仓，评分81(🔥 大胆攒股)，股息率6.14%，权重7.5%→9.7%,消费红利
2020-06-26,600900.SH,长江电力,sell,19.071,2700,51491.46,102.98,清仓，评分37(⏸️ 暂缓)，低于观察阈值，当前权重3.6%,基础设施红利
2020-06-26,601988.SH,中国银行,sell,3.457,18300,63254.68,126.51,清仓，评分65(👀 观察等待)，低于观察阈值，当前权重4.4%,金融红利
2020-06-26,600016.SH,民生银行,sell,5.664,8600,48713.24,97.43,减仓，评分76(✅ 积极布局)，权重7.7%→4.3%,金融红利
2020-06-26,601169.SH,北京银行,sell,4.895,10100,49440.51,98.88,减仓，评分72(✅ 积极布局)，权重7.8%→4.3%,金融红利
2020-06-26,601288.SH,农业银行,sell,3.367,20800,70025.9,140.05,清仓，评分60(👀 观察等待)，低于观察阈值，当前权重4.9%,金融红利
2020-06-26,600919.SH,江苏银行,sell,5.684,18200,103454.44,206.91,清仓，评分58(👀 观察等待)，低于观察阈值，当前权重7.2%,金融红利
2020-06-26,600023.SH,浙能电力,sell,3.526,27300,96272.63,192.55,清仓，评分64(👀 观察等待)，低于观察阈值，当前权重6.7%,基础设施红利
2020-06-26,601009.SH,南京银行,sell,7.403,8800,65142.79,130.29,清仓，评分64(👀 观察等待)，低于观察阈值，当前权重4.5%,金融红利
2020-06-26,600025.SH,华能水电,buy,3.654,12600,46035.99,46.04,新买入，评分50(👀 观察等待)，股息率4.09%，目标权重3.2%,基础设施红利
2020-06-26,600066.SH,宇通客车,buy,12.092,11400,137849.71,137.85,新买入，评分85(🔥 大胆攒股)，股息率8.28%，目标权重9.6%,消费红利
2020-06-26,001979.SZ,招商蛇口,buy,16.707,2700,45108.06,45.11,新买入，评分63(👀 观察等待)，股息率4.73%，目标权重3.2%,基础设施红利
2020-06-26,601601.SH,中国太保,buy,27.538,6600,181747.57,181.75,新买入，评分54(👀 观察等待)，股息率4.36%，目标权重12.8%，对冲银行持仓21.6%,金融红利
2020-06-26,601818.SH,光大银行,buy,3.594,17300,62169.11,62.17,新买入，评分76(✅ 积极布局)，股息率5.96%，目标权重4.3%,金融红利
2020-06-26,511880.SH,银华日利,sell,117.577,100,11757.72,23.52,释放现金用于调仓,现金管理
2020-06-26,600048.SH,保利发展,buy,14.755,6200,91479.39,91.48,新买入，评分76(✅ 积极布局)，股息率5.56%，目标权重6.4%,基础设施红利
2020-09-25,601298.SH,青岛港,sell,5.794,23000,133266.6,266.53,清仓，评分36(⏸️ 暂缓)，低于观察阈值，当前权重8.4%,基础设施红利
2020-09-25,600025.SH,华能水电,sell,4.016,12600,50601.35,101.2,清仓，评分42(⏸️ 暂缓)，低于观察阈值，当前权重3.2%,基础设施红利
2020-09-25,600660.SH,福耀玻璃,sell,32.328,4700,151939.91,303.88,清仓，评分27(🚫 回避)，低于观察阈值，当前权重9.5%,消费红利
2020-09-25,601601.SH,中国太保,sell,31.488,6600,207823.97,415.65,清仓，评分41(⏸️ 暂缓)，低于观察阈值，当前权重13.0%,金融红利
2020-09-25,601229.SH,上海银行,sell,8.182,8200,67090.84,134.18,清仓，评分58(👀 观察等待)，低于观察阈值，当前权重4.2%,金融红利
2020-09-25,600104.SH,上汽集团,sell,19.191,6800,130497.37,260.99,清仓，评分58(👀 观察等待)，低于观察阈值，当前权重8.2%,消费红利
2020-09-25,601988.SH,中国银行,buy,3.193,25800,82384.3,82.38,新买入，评分76(✅ 积极布局)，股息率5.99%，目标权重5.2%,金融红利
2020-09-25,600016.SH,民生银行,buy,5.315,12200,64846.78,64.85,加仓，评分81(🔥 大胆攒股)，股息率6.97%，权重3.7%→7.8%,金融红利
2020-09-25,601006.SH,大秦铁路,buy,6.346,6700,42520.48,42.52,加仓，评分85(🔥 大胆攒股)，股息率7.57%，权重7.7%→10.4%,基础设施红利
2020-09-25,601288.SH,农业银行,buy,3.153,26200,82612.53,82.61,新买入，评分72(✅ 积极布局)，股息率5.77%，目标权重5.2%,金融红利
2020-09-25,001979.SZ,招商蛇口,buy,15.355,4400,67563.5,67.56,加仓，评分70(✅ 积极布局)，股息率5.41%，权重2.6%→6.9%,基础设施红利
2020-09-25,600027.SH,华电国际,buy,3.594,15300,54981.93,54.98,新买入，评分50(👀 观察等待)，股息率4.07%，目标权重3.5%,基础设施红利
2020-09-25,601916.SH,浙商银行,buy,4.194,19700,82625.54,82.63,新买入，评分72(✅ 积极布局)，股息率5.73%，目标权重5.2%,金融红利
2020-09-25,600000.SH,浦发银行,buy,9.479,8700,82471.39,82.47,新买入，评分78(✅ 积极布局)，股息率6.34%，目标权重5.2%,金融红利
2020-09-25,600023.SH,浙能电力,buy,3.684,29900,110142.03,110.14,新买入，评分70(✅ 积极布局)，股息率5.43%，目标权重6.9%,基础设施红利
2020-09-25,601328.SH,交通银行,buy,4.575,10400,47575.53,47.58,加仓，评分80(🔥 大胆攒股)，股息率6.89%，权重4.8%→7.8%,金融红利
2020-09-25,511880.SH,银华日利,buy,118.322,400,47328.74,47.33,闲置现金扫入,现金管理
2020-12-25,600066.SH,宇通客车,sell,16.943,2200,37274.69,74.55,减仓，评分80(🔥 大胆攒股)，权重12.2%→9.8%,消费红利
2020-12-25,511880.SH,银华日利,sell,118.748,100,11874.84,23.75,释放现金用于调仓,现金管理
2020-12-25,001979.SZ,招商蛇口,buy,12.993,4700,61067.01,61.07,加仓，评分81(🔥 大胆攒股)，股息率6.39%，权重5.8%→9.8%,基础设施红利
2021-03-26,601818.SH,光大银行,sell,4.066,17300,70340.59,140.68,清仓，评分64(👀 观察等待)，低于观察阈值，当前权重4.4%,金融红利
2021-03-26,601328.SH,交通银行,sell,4.655,7200,33518.45,67.04,减仓，评分80(✅ 积极布局)，权重8.0%→5.8%,金融红利
2021-03-26,600028.SH,中国石化,buy,4.244,11900,50506.46,50.51,新买入，评分85(🔥 大胆攒股)，股息率7.31%，目标权重3.2%,周期资源红利
2021-03-26,511880.SH,银华日利,buy,119.675,400,47870.11,47.87,闲置现金扫入,现金管理
2021-06-25,600377.SH,宁沪高速,sell,9.87,7100,70077.85,140.16,清仓，评分62(👀 观察等待)，低于观察阈值，当前权重4.6%,基础设施红利
2021-06-25,600028.SH,中国石化,sell,4.416,11900,52545.4,105.09,清仓，评分58(👀 观察等待)，低于观察阈值，当前权重3.4%,周期资源红利
2021-06-25,600016.SH,民生银行,sell,4.456,23300,103814.08,207.63,清仓，评分58(👀 观察等待)，低于观察阈值，当前权重6.8%,金融红利
2021-06-25,600066.SH,宇通客车,sell,12.727,9200,117090.79,234.18,清仓，评分44(⏸️ 暂缓)，低于观察阈值，当前权重7.7%,消费红利
2021-06-25,600027.SH,华电国际,sell,3.457,15300,52885.06,105.77,清仓，评分56(👀 观察等待)，低于观察阈值，当前权重3.5%,基础设施红利
2021-06-25,000895.SZ,双汇发展,buy,32.332,4400,142262.12,142.26,新买入，评分85(🔥 大胆攒股)，股息率7.18%，目标权重9.5%,消费红利
2021-06-25,601088.SH,中国神华,buy,20.34,2500,50850.8,50.85,新买入，评分81(🔥 大胆攒股)，股息率6.20%，目标权重3.4%,周期资源红利
2021-06-25,601818.SH,光大银行,buy,3.814,23100,88099.01,88.1,新买入，评分71(✅ 积极布局)，股息率5.62%，目标权重5.8%,金融红利
2021-06-25,600048.SH,保利发展,buy,12.482,5300,66157.09,66.16,加仓，评分81(🔥 大胆攒股)，股息率6.58%，权重5.1%→9.5%,基础设施红利
2021-06-25,300498.SZ,温氏股份,buy,14.234,3600,51243.19,51.24,新买入，评分85(🔥 大胆攒股)，股息率9.14%，目标权重3.4%,周期资源红利
2021-06-25,511880.SH,银华日利,sell,120.044,200,24008.73,48.02,释放现金用于调仓,现金管理
2021-06-25,600188.SH,兖矿能源,buy,16.076,3200,51443.39,51.44,新买入，评分85(🔥 大胆攒股)，股息率9.84%，目标权重3.4%,周期资源红利
2021-09-24,601988.SH,中国银行,sell,3.047,25800,78611.31,157.22,清仓，评分78(✅ 积极布局)，低于观察阈值，当前权重4.9%,金融红利
2021-09-24,601006.SH,大秦铁路,sell,6.244,5700,35589.38,71.18,减仓，评分85(🔥 大胆攒股)，权重10.2%→8.0%,基础设施红利
2021-09-24,601288.SH,农业银行,sell,2.937,26200,76950.97,153.9,清仓，评分78(✅ 积极布局)，低于观察阈值，当前权重4.8%,金融红利
2021-09-24,001979.SZ,招商蛇口,sell,12.258,4900,60062.88,120.13,减仓，评分69(✅ 积极布局)，权重9.1%→5.3%,基础设施红利
2021-09-24,601818.SH,光大银行,sell,3.357,23100,77538.38,155.08,清仓，评分77(✅ 积极布局)，低于观察阈值，当前权重4.9%,金融红利
2021-09-24,601916.SH,浙商银行,sell,3.526,19700,69471.46,138.94,清仓，评分57(👀 观察等待)，低于观察阈值，当前权重4.4%,金融红利
2021-09-24,600048.SH,保利发展,sell,13.407,5100,68373.56,136.75,减仓，评分70(✅ 积极布局)，权重9.7%→5.3%,基础设施红利
2021-09-24,600000.SH,浦发银行,sell,9.011,8700,78395.53,156.79,清仓，评分65(👀 观察等待)，低于观察阈值，当前权重4.9%,金融红利
2021-09-24,300498.SZ,温氏股份,sell,13.776,3600,49594.36,99.19,清仓，评分42(⏸️ 暂缓)，低于观察阈值，当前权重3.1%,周期资源红利
2021-09-24,600023.SH,浙能电力,sell,4.076,9100,37090.87,74.18,减仓，评分76(✅ 积极布局)，权重7.7%→5.3%,基础设施红利
2021-09-24,600188.SH,兖矿能源,sell,29.071,3200,93026.88,186.05,清仓，评分36(⏸️ 暂缓)，低于观察阈值，当前权重5.8%,周期资源红利
2021-09-24,601328.SH,交通银行,sell,4.476,8000,35804.16,71.61,减仓，评分85(🔥 大胆攒股)，权重5.6%→3.3%,金融红利
2021-09-24,600377.SH,宁沪高速,buy,8.999,9300,83690.61,83.69,新买入，评分69(✅ 积极布局)，股息率5.12%，目标权重5.3%,基础设施红利
2021-09-24,000651.SZ,格力电器,buy,37.948,3300,125228.1,125.23,新买入，评分85(🔥 大胆攒股)，股息率10.55%，目标权重8.0%,消费红利
2021-09-24,000002.SZ,万科Ａ,buy,20.34,6200,126109.98,126.11,新买入，评分81(🔥 大胆攒股)，股息率6.15%，目标权重8.0%,基础设施红利
2021-09-24,601318.SH,中国平安,buy,48.128,2900,139571.43,139.57,新买入，评分60(👀 观察等待)，股息率4.58%，目标权重8.8%，对冲银行持仓6.7%,金融红利
2021-09-24,300832.SZ,新产业,buy,44.945,1800,80900.82,80.9,新买入，评分76(✅ 积极布局)，股息率5.57%，目标权重5.3%,消费红利
2021-09-24,601601.SH,中国太保,buy,27.127,5000,135635.5,135.64,新买入，评分55(👀 观察等待)，股息率4.43%，目标权重8.6%，对冲银行持仓6.7%,金融红利
2021-09-24,000157.SZ,中联重科,buy,8.268,15300,126504.38,126.5,新买入，评分81(🔥 大胆攒股)，股息率6.42%，目标权重8.0%,基础设施红利
2021-12-31,601169.SH,北京银行,sell,4.436,12800,56775.17,113.55,清仓，评分80(✅ 积极布局)，低于观察阈值，当前权重3.5%,金融红利
2021-12-31,001979.SZ,招商蛇口,sell,13.327,6900,91953.95,183.91,清仓，评分63(👀 观察等待)，低于观察阈值，当前权重5.7%,基础设施红利
2021-12-31,600048.SH,保利发展,sell,15.614,6400,99931.97,199.86,清仓，评分62(👀 观察等待)，低于观察阈值，当前权重6.2%,基础设施红利
2021-12-31,601298.SH,青岛港,buy,5.696,8100,46135.09,46.14,新买入，评分62(👀 观察等待)，股息率4.61%，目标权重2.9%,基础设施红利
2021-12-31,601668.SH,中国建筑,buy,5.005,9300,46546.5,46.55,新买入，评分56(👀 观察等待)，股息率4.29%，目标权重2.9%,基础设施红利
2021-12-31,601225.SH,陕西煤业,buy,12.212,4100,50070.02,50.07,新买入，评分81(🔥 大胆攒股)，股息率6.56%，目标权重3.1%,周期资源红利
2021-12-31,511880.SH,银华日利,buy,121.564,800,97251.17,97.25,闲置现金扫入,现金管理
2022-03-25,601298.SH,青岛港,sell,5.435,8100,44019.94,88.04,清仓，评分63(👀 观察等待)，低于观察阈值，当前权重2.9%,基础设施红利
2022-03-25,601668.SH,中国建筑,sell,5.255,9300,48869.08,97.74,清仓，评分55(👀 观察等待)，低于观察阈值，当前权重3.2%,基础设施红利
2022-03-25,601318.SH,中国平安,sell,47.582,1200,57098.84,114.2,减仓，评分60(👀 观察等待)，权重9.1%→5.1%,金融红利
2022-03-25,601328.SH,交通银行,sell,4.905,11900,58370.57,116.74,清仓，评分78(✅ 积极布局)，低于观察阈值，当前权重3.8%,金融红利
2022-03-25,601225.SH,陕西煤业,sell,15.285,4100,62667.27,125.33,清仓，评分69(✅ 积极布局)，低于观察阈值，当前权重4.1%,周期资源红利
2022-03-25,600066.SH,宇通客车,buy,8.569,13600,116532.42,116.53,新买入，评分80(🔥 大胆攒股)，股息率5.84%，目标权重7.7%,消费红利
2022-03-25,300832.SZ,新产业,buy,33.944,1600,54310.26,54.31,加仓，评分85(🔥 大胆攒股)，股息率7.37%，权重4.0%→7.7%,消费红利
2022-03-25,600027.SH,华电国际,buy,3.524,30100,106057.95,106.06,新买入，评分85(🔥 大胆攒股)，股息率7.10%，目标权重7.0%,基础设施红利
2022-03-25,511880.SH,银华日利,sell,121.877,200,24375.46,48.75,释放现金用于调仓,现金管理
2022-03-25,600023.SH,浙能电力,buy,3.383,10600,35863.83,35.86,加仓，评分81(🔥 大胆攒股)，股息率6.66%，权重4.6%→7.0%,基础设施红利
2022-03-25,511880.SH,银华日利,sell,121.877,600,73126.39,146.25,释放现金用于调仓,现金管理
2022-03-25,601336.SH,新华保险,buy,34.164,2200,75161.09,75.16,新买入，评分53(👀 观察等待)，股息率4.07%，目标权重4.9%,金融红利
2022-03-25,511880.SH,银华日利,sell,121.877,700,85314.12,170.63,释放现金用于调仓,现金管理
2022-03-25,000538.SZ,云南白药,buy,81.141,900,73026.95,73.03,新买入，评分73(✅ 积极布局)，股息率4.81%，目标权重5.1%,消费红利
2022-06-24,000895.SZ,双汇发展,sell,29.171,4400,128351.52,256.7,清仓，评分57(👀 观察等待)，低于观察阈值，当前权重8.0%,消费红利
2022-06-24,601088.SH,中国神华,sell,31.169,2500,77922.0,155.84,清仓，评分80(🔥 大胆攒股)，低于观察阈值，当前权重4.9%,周期资源红利
2022-06-24,300832.SZ,新产业,sell,43.027,3400,146291.56,292.58,清仓，评分22(🚫 回避)，低于观察阈值，当前权重9.2%,消费红利
2022-06-24,000538.SZ,云南白药,sell,58.082,900,52273.67,104.55,清仓，评分34(🚫 回避)，低于观察阈值，当前权重3.3%,消费红利
2022-06-24,000651.SZ,格力电器,buy,33.934,1100,37327.29,37.33,加仓，评分85(🔥 大胆攒股)，股息率11.80%，权重7.0%→9.3%,消费红利
2022-06-24,600028.SH,中国石化,buy,4.084,12100,49417.37,49.42,新买入，评分85(🔥 大胆攒股)，股息率11.52%，目标权重3.1%,周期资源红利
2022-06-24,601919.SH,中远海控,buy,13.684,8000,109469.36,109.47,新买入，评分81(🔥 大胆攒股)，股息率6.36%，目标权重6.9%,基础设施红利
2022-06-24,001979.SZ,招商蛇口,buy,12.563,5800,72862.79,72.86,新买入，评分68(✅ 积极布局)，股息率5.10%，目标权重4.6%,基础设施红利
2022-06-24,000725.SZ,京东方Ａ,buy,3.894,25500,99294.19,99.29,新买入，评分70(✅ 积极布局)，股息率5.40%，目标权重6.2%,周期龙头红利
2022-06-24,511880.SH,银华日利,buy,122.677,400,49070.98,49.07,闲置现金扫入,现金管理
2022-09-30,600028.SH,中国石化,sell,4.286,12100,51857.09,103.71,清仓，评分85(🔥 大胆攒股)，低于观察阈值，当前权重3.2%,周期资源红利
2022-09-30,000002.SZ,万科Ａ,sell,17.812,6200,110435.45,220.87,清仓，评分70(✅ 积极布局)，低于观察阈值，当前权重6.9%,基础设施红利
2022-09-30,601006.SH,大秦铁路,sell,6.763,5700,38550.41,77.1,减仓，评分85(🔥 大胆攒股)，权重8.6%→6.1%,基础设施红利
2022-09-30,001979.SZ,招商蛇口,sell,16.324,5800,94677.23,189.35,清仓，评分36(⏸️ 暂缓)，低于观察阈值，当前权重5.9%,基础设施红利
2022-09-30,600027.SH,华电国际,sell,5.944,30100,178915.9,357.83,清仓，评分56(👀 观察等待)，低于观察阈值，当前权重11.2%,基础设施红利
2022-09-30,000157.SZ,中联重科,sell,5.534,15300,84677.24,169.35,清仓，评分80(✅ 积极布局)，低于观察阈值，当前权重5.3%,基础设施红利
2022-09-30,000333.SZ,美的集团,buy,49.359,1700,83910.83,83.91,新买入，评分65(✅ 积极布局)，股息率3.45%，目标权重5.3%,消费红利
2022-09-30,000895.SZ,双汇发展,buy,24.484,3400,83247.16,83.25,新买入，评分70(✅ 积极布局)，股息率5.31%，目标权重5.3%,消费红利
2022-09-30,600066.SH,宇通客车,buy,7.017,4600,32278.25,32.28,加仓，评分85(🔥 大胆攒股)，股息率7.13%，权重5.9%→8.0%,消费红利
2022-09-30,002027.SZ,分众传媒,buy,5.526,23100,127639.51,127.64,新买入，评分81(🔥 大胆攒股)，股息率6.12%，目标权重8.0%,消费红利
2022-09-30,600741.SH,华域汽车,buy,16.537,5100,84336.25,84.34,新买入，评分69(✅ 积极布局)，股息率5.15%，目标权重5.3%,消费红利
2022-09-30,601138.SH,工业富联,buy,8.529,11500,98077.98,98.08,新买入，评分80(🔥 大胆攒股)，股息率5.87%，目标权重6.1%,基础设施红利
2022-09-30,000725.SZ,京东方Ａ,buy,3.273,13500,44189.14,44.19,加仓，评分81(🔥 大胆攒股)，股息率6.42%，权重5.2%→8.0%,周期龙头红利
2022-09-30,511880.SH,银华日利,buy,123.218,500,61608.91,61.61,闲置现金扫入,现金管理
2022-12-30,000333.SZ,美的集团,sell,51.748,1700,87971.94,175.94,清仓，评分60(👀 观察等待)，低于观察阈值，当前权重5.1%,消费红利
2022-12-30,002027.SZ,分众传媒,sell,6.673,8600,57390.55,114.78,减仓，评分68(✅ 积极布局)，权重8.9%→5.6%,消费红利
2022-12-30,601138.SH,工业富联,sell,9.171,11500,105464.43,210.93,清仓，评分70(✅ 积极布局)，低于观察阈值，当前权重6.1%,基础设施红利
2022-12-30,000002.SZ,万科Ａ,buy,18.218,4200,76516.44,76.52,新买入，评分70(✅ 积极布局)，股息率5.36%，目标权重4.5%,基础设施红利
2022-12-30,000157.SZ,中联重科,buy,5.445,21200,115443.33,115.44,新买入，评分80(🔥 大胆攒股)，股息率5.88%，目标权重6.7%,基础设施红利
2022-12-30,511880.SH,银华日利,buy,123.626,600,74175.86,74.18,闲置现金扫入,现金管理
2023-03-31,600066.SH,宇通客车,sell,12.318,13800,169983.85,339.97,减仓，评分55(👀 观察等待)，权重11.7%→2.8%,消费红利
2023-03-31,601601.SH,中国太保,sell,25.894,5000,129470.4,258.94,清仓，评分46(⏸️ 暂缓)，低于观察阈值，当前权重6.8%,金融红利
2023-03-31,000725.SZ,京东方Ａ,sell,4.436,26800,118873.01,237.75,减仓，评分63(👀 观察等待)，权重9.1%→2.8%,周期龙头红利
2023-03-31,000333.SZ,美的集团,buy,53.864,1000,53863.81,53.86,新买入，评分60(👀 观察等待)，股息率3.16%，目标权重2.8%,消费红利
2023-03-31,000002.SZ,万科Ａ,buy,15.255,5900,90005.92,90.01,加仓，评分81(🔥 大胆攒股)，股息率6.41%，权重3.4%→8.1%,基础设施红利
2023-03-31,601318.SH,中国平安,buy,45.646,2200,100420.32,100.42,加仓，评分78(✅ 积极布局)，股息率5.22%，权重4.1%→9.5%,金融红利
2023-03-31,601006.SH,大秦铁路,buy,7.197,6800,48940.89,48.94,加仓，评分81(🔥 大胆攒股)，股息率6.68%，权重5.5%→8.1%,基础设施红利
2023-03-31,601919.SH,中远海控,buy,11.041,5900,65142.08,65.14,加仓，评分85(🔥 大胆攒股)，股息率7.89%，权重4.6%→8.1%,基础设施红利
2023-03-31,600023.SH,浙能电力,buy,3.584,11600,41569.53,41.57,加仓，评分81(🔥 大胆攒股)，股息率6.28%，权重5.9%→8.1%,基础设施红利
2023-03-31,511880.SH,银华日利,sell,123.922,500,61960.9,123.92,释放现金用于调仓,现金管理
2023-03-31,601336.SH,新华保险,buy,30.53,3100,94644.55,94.64,加仓，评分61(👀 观察等待)，股息率4.72%，权重3.5%→8.6%,金融红利
2023-06-30,000157.SZ,中联重科,sell,6.743,21200,142956.9,285.91,清仓，评分67(✅ 积极布局)，低于观察阈值，当前权重7.0%,基础设施红利
2023-06-30,600023.SH,浙能电力,sell,5.065,43000,217791.99,435.58,清仓，评分61(👀 观察等待)，低于观察阈值，当前权重10.6%,基础设施红利
2023-06-30,000725.SZ,京东方Ａ,sell,4.086,12200,49848.1,99.7,清仓，评分22(🚫 回避)，低于观察阈值，当前权重2.4%,周期龙头红利
2023-06-30,601336.SH,新华保险,sell,36.733,5300,194686.12,389.37,清仓，评分46(⏸️ 暂缓)，低于观察阈值，当前权重9.5%,金融红利
2023-06-30,000895.SZ,双汇发展,buy,24.514,2500,61286.22,61.29,加仓，评分81(🔥 大胆攒股)，股息率6.53%，权重4.1%→7.1%,消费红利
2023-06-30,600066.SH,宇通客车,buy,14.755,5400,79675.6,79.68,加仓，评分81(🔥 大胆攒股)，股息率6.78%，权重3.2%→7.1%,消费红利
2023-06-30,688303.SH,大全能源,buy,40.49,3500,141716.57,141.72,新买入，评分85(🔥 大胆攒股)，股息率8.90%，目标权重7.1%,防御红利
2023-06-30,600039.SH,四川路桥,buy,9.82,14000,137477.34,137.48,新买入，评分85(🔥 大胆攒股)，股息率9.28%，目标权重6.7%,基础设施红利
2023-06-30,600438.SH,通威股份,buy,34.344,4200,144246.1,144.25,新买入，评分85(🔥 大胆攒股)，股息率8.33%，目标权重7.1%,防御红利
2023-06-30,511880.SH,银华日利,sell,124.488,100,12448.76,24.9,释放现金用于调仓,现金管理
2023-06-30,600104.SH,上汽集团,buy,14.184,6800,96452.36,96.45,新买入，评分67(✅ 积极布局)，股息率4.81%，目标权重4.7%,消费红利
2023-09-29,600377.SH,宁沪高速,sell,10.38,9300,96530.37,193.06,清仓，评分61(👀 观察等待)，低于观察阈值，当前权重4.7%,基础设施红利
2023-09-29,000002.SZ,万科Ａ,sell,13.067,10100,131975.89,263.95,清仓，评分72(✅ 积极布局)，低于观察阈值，当前权重6.4%,基础设施红利
2023-09-29,600104.SH,上汽集团,sell,14.785,6800,100539.36,201.08,清仓，评分26(🚫 回避)，低于观察阈值，当前权重4.8%,消费红利
2023-09-29,601668.SH,中国建筑,buy,5.536,14200,78604.53,78.6,新买入，评分66(✅ 积极布局)，股息率4.57%，目标权重3.8%,基础设施红利
2023-09-29,000333.SZ,美的集团,buy,55.535,1500,83303.22,83.3,加仓，评分82(🔥 大胆攒股)，股息率4.51%，权重2.7%→6.8%,消费红利
2023-09-29,000425.SZ,徐工机械,buy,6.376,18500,117962.84,117.96,新买入，评分81(🔥 大胆攒股)，股息率5.97%，目标权重5.7%,基础设施红利
2023-09-29,511880.SH,银华日利,sell,125.047,500,62523.61,125.05,释放现金用于调仓,现金管理
2023-09-29,600089.SH,特变电工,buy,14.835,9500,140930.79,140.93,新买入，评分85(🔥 大胆攒股)，股息率7.56%，目标权重6.8%,防御红利
2023-12-29,601668.SH,中国建筑,sell,4.805,14200,68233.7,136.47,清仓，评分72(✅ 积极布局)，低于观察阈值，当前权重3.6%,基础设施红利
2023-12-29,601006.SH,大秦铁路,sell,7.203,9700,69867.06,139.73,减仓，评分81(🔥 大胆攒股)，权重8.2%→4.5%,基础设施红利
2023-12-29,601919.SH,中远海控,sell,9.57,13900,133028.84,266.06,清仓，评分85(🔥 大胆攒股)，低于观察阈值，当前权重7.1%,基础设施红利
2023-12-29,000002.SZ,万科Ａ,buy,10.47,8000,83763.68,83.76,新买入，评分81(🔥 大胆攒股)，股息率6.50%，目标权重4.5%,基础设施红利
2023-12-29,002027.SZ,分众传媒,buy,6.326,6700,42386.34,42.39,加仓，评分81(🔥 大胆攒股)，股息率6.65%，权重4.9%→7.1%,消费红利
2023-12-29,601601.SH,中国太保,buy,23.804,5500,130920.79,130.92,新买入，评分58(👀 观察等待)，股息率4.29%，目标权重7.0%,金融红利
2023-12-29,511880.SH,银华日利,buy,125.832,100,12583.19,12.58,闲置现金扫入,现金管理
2024-03-29,000333.SZ,美的集团,sell,64.156,1000,64155.78,128.31,减仓，评分78(✅ 积极布局)，权重8.0%→4.6%,消费红利
2024-03-29,600066.SH,宇通客车,sell,19.85,5100,101235.66,202.47,减仓，评分71(✅ 积极布局)，权重9.6%→4.6%,消费红利
2024-03-29,600741.SH,华域汽车,sell,16.693,5100,85135.78,170.27,清仓，评分72(✅ 积极布局)，低于观察阈值，当前权重4.2%,消费红利
2024-03-29,000002.SZ,万科Ａ,buy,9.009,5300,47747.7,47.75,加仓，评分85(🔥 大胆攒股)，股息率7.56%，权重3.6%→6.0%,基础设施红利
2024-03-29,688303.SH,大全能源,buy,27.027,1600,43243.2,43.24,加仓，评分85(🔥 大胆攒股)，股息率13.33%，权重4.7%→6.9%,防御红利
2024-03-29,601919.SH,中远海控,buy,10.36,11600,120180.06,120.18,新买入，评分85(🔥 大胆攒股)，股息率32.85%，目标权重6.0%,基础设施红利
2024-03-29,511880.SH,银华日利,buy,126.403,300,37920.79,37.92,闲置现金扫入,现金管理
2024-06-28,000651.SZ,格力电器,sell,39.181,1100,43098.86,86.2,减仓，评分81(🔥 大胆攒股)，权重8.4%→6.2%,消费红利
2024-06-28,002027.SZ,分众传媒,sell,6.054,21200,128343.53,256.69,清仓，评分73(✅ 积极布局)，低于观察阈值，当前权重6.2%,消费红利
2024-06-28,688303.SH,大全能源,sell,20.37,5100,103885.01,207.77,清仓，评分25(🚫 回避)，低于观察阈值，当前权重5.1%,防御红利
2024-06-28,000425.SZ,徐工机械,sell,7.143,18500,132142.73,264.29,清仓，评分73(✅ 积极布局)，低于观察阈值，当前权重6.4%,基础设施红利
2024-06-28,601919.SH,中远海控,sell,15.475,11600,179504.32,359.01,清仓，评分67(✅ 积极布局)，低于观察阈值，当前权重8.7%,基础设施红利
2024-06-28,601601.SH,中国太保,sell,27.832,5500,153076.77,306.15,清仓，评分49(⏸️ 暂缓)，低于观察阈值，当前权重7.4%,金融红利
2024-06-28,601668.SH,中国建筑,buy,5.315,17000,90360.27,90.36,新买入，评分72(✅ 积极布局)，股息率5.11%，目标权重4.4%,基础设施红利
2024-06-28,000002.SZ,万科Ａ,buy,6.937,6200,43008.97,43.01,加仓，评分85(🔥 大胆攒股)，股息率9.81%，权重4.5%→6.6%,基础设施红利
2024-06-28,601318.SH,中国平安,buy,41.401,1300,53821.77,53.82,加仓，评分81(🔥 大胆攒股)，股息率5.85%，权重7.8%→10.6%,金融红利
2024-06-28,601006.SH,大秦铁路,buy,7.167,7200,51603.55,51.6,加仓，评分81(🔥 大胆攒股)，股息率6.70%，权重4.1%→6.6%,基础设施红利
2024-06-28,002459.SZ,晶澳科技,buy,11.211,9600,107627.52,107.63,新买入，评分71(✅ 积极布局)，股息率5.03%，目标权重5.3%,防御红利
2024-06-28,002304.SZ,洋河股份,buy,80.821,1200,96984.89,96.98,新买入，评分75(✅ 积极布局)，股息率5.77%，目标权重5.0%,消费红利
2024-06-28,688036.SH,传音控股,buy,76.617,1700,130248.12,130.25,新买入，评分85(🔥 大胆攒股)，股息率7.84%，目标权重6.6%,基础设施红利
2024-06-28,002236.SZ,大华股份,buy,15.475,7000,108328.22,108.33,新买入，评分65(✅ 积极布局)，股息率4.48%，目标权重5.3%,防御红利
2024-06-28,511880.SH,银华日利,buy,126.892,700,88824.15,88.82,闲置现金扫入,现金管理
2024-09-27,600438.SH,通威股份,sell,20.739,4200,87104.81,174.21,清仓，评分65(👀 观察等待)，低于观察阈值，当前权重3.9%,防御红利
2024-09-27,002236.SZ,大华股份,sell,15.974,7000,111818.07,223.64,清仓，评分65(👀 观察等待)，低于观察阈值，当前权重5.0%,防御红利
2024-09-27,600089.SH,特变电工,sell,13.676,9500,129924.94,259.85,清仓，评分22(🚫 回避)，低于观察阈值，当前权重5.8%,防御红利
2024-09-27,000333.SZ,美的集团,buy,73.073,700,51151.1,51.15,加仓，评分82(🔥 大胆攒股)，股息率4.11%，权重4.9%→7.4%,消费红利
2024-09-27,600066.SH,宇通客车,buy,24.765,2000,49529.48,49.53,加仓，评分81(🔥 大胆攒股)，股息率6.06%，权重5.2%→7.4%,消费红利
2024-09-27,002027.SZ,分众传媒,buy,6.527,17000,110950.84,110.95,新买入，评分71(✅ 积极布局)，股息率5.06%，目标权重4.9%,消费红利
2024-09-27,600741.SH,华域汽车,buy,16.807,6600,110924.81,110.92,新买入，评分65(✅ 积极布局)，股息率4.47%，目标权重4.9%,消费红利
2024-09-27,600039.SH,四川路桥,buy,6.466,8300,53671.62,53.67,加仓，评分85(🔥 大胆攒股)，股息率8.00%，权重4.0%→6.4%,基础设施红利
2024-09-27,511880.SH,银华日利,sell,127.065,800,101652.35,203.3,释放现金用于调仓,现金管理
2024-09-27,000661.SZ,长春高新,buy,100.0,1100,109999.89,110.0,新买入，评分66(✅ 积极布局)，股息率4.50%，目标权重4.9%,消费红利
2024-12-27,000333.SZ,美的集团,sell,75.345,600,45206.75,90.41,减仓，评分78(✅ 积极布局)，权重7.2%→5.1%,消费红利
2024-12-27,600741.SH,华域汽车,sell,17.792,6600,117428.45,234.86,清仓，评分64(👀 观察等待)，低于观察阈值，当前权重5.1%,消费红利
2024-12-27,002459.SZ,晶澳科技,sell,14.066,9600,135032.83,270.07,清仓，评分53(👀 观察等待)，低于观察阈值，当前权重5.8%,防御红利
2024-12-27,601919.SH,中远海控,buy,15.215,7300,111070.96,111.07,新买入，评分70(✅ 积极布局)，股息率4.87%，目标权重4.8%,基础设施红利
2024-12-27,600048.SH,保利发展,buy,9.139,12100,110583.47,110.58,新买入，评分66(✅ 积极布局)，股息率4.49%，目标权重4.8%,基础设施红利
2024-12-27,511880.SH,银华日利,buy,127.732,600,76639.37,76.64,闲置现金扫入,现金管理
2025-03-28,601668.SH,中国建筑,sell,5.395,17000,91708.2,183.42,清仓，评分71(✅ 积极布局)，低于观察阈值，当前权重4.0%,基础设施红利
2025-03-28,600066.SH,宇通客车,sell,26.633,2300,61256.68,122.51,减仓，评分79(✅ 积极布局)，权重7.8%→5.0%,消费红利
2025-03-28,601919.SH,中远海控,sell,14.436,7300,105379.51,210.76,清仓，评分72(✅ 积极布局)，低于观察阈值，当前权重4.6%,基础设施红利
2025-03-28,600048.SH,保利发展,sell,8.442,12100,102142.75,204.29,清仓，评分70(✅ 积极布局)，低于观察阈值，当前权重4.5%,基础设施红利
2025-03-28,002459.SZ,晶澳科技,buy,12.222,11400,139333.19,139.33,新买入，评分66(✅ 积极布局)，股息率4.61%，目标权重6.1%,防御红利
2025-03-28,600438.SH,通威股份,buy,20.0,7000,139999.86,140.0,新买入，评分66(✅ 积极布局)，股息率4.53%，目标权重6.1%,防御红利
2025-03-28,511880.SH,银华日利,sell,127.875,200,25574.95,51.15,释放现金用于调仓,现金管理
2025-03-28,000538.SZ,云南白药,buy,56.406,2000,112812.7,112.81,新买入，评分72(✅ 积极布局)，股息率3.69%，目标权重5.0%,消费红利
2025-06-27,000895.SZ,双汇发展,sell,24.436,5900,144169.69,288.34,清仓，评分80(✅ 积极布局)，低于观察阈值，当前权重6.4%,消费红利
2025-06-27,002027.SZ,分众传媒,sell,7.173,17000,121937.94,243.88,清仓，评分66(✅ 积极布局)，低于观察阈值，当前权重5.4%,消费红利
2025-06-27,600039.SH,四川路桥,sell,9.95,22300,221885.89,443.77,清仓，评分72(✅ 积极布局)，低于观察阈值，当前权重9.9%,基础设施红利
2025-06-27,688036.SH,传音控股,sell,78.701,1700,133792.07,267.58,清仓，评分52(👀 观察等待)，低于观察阈值，当前权重5.9%,基础设施红利
2025-06-27,000538.SZ,云南白药,sell,55.824,2000,111648.24,223.3,清仓，评分78(✅ 积极布局)，低于观察阈值，当前权重5.0%,消费红利
2025-06-27,000661.SZ,长春高新,sell,98.521,1100,108373.52,216.75,清仓，评分66(✅ 积极布局)，低于观察阈值，当前权重4.8%,消费红利
2025-06-27,601668.SH,中国建筑,buy,5.786,16500,95465.37,95.47,新买入，评分70(✅ 积极布局)，股息率4.70%，目标权重4.3%,基础设施红利
2025-06-27,600941.SH,中国移动,buy,112.282,800,89825.74,89.83,新买入，评分66(✅ 积极布局)，股息率4.16%，目标权重4.3%,基础设施红利
2025-06-27,601919.SH,中远海控,buy,15.055,9500,143022.88,143.02,新买入，评分85(🔥 大胆攒股)，股息率10.31%，目标权重6.4%,基础设施红利
2025-06-27,002304.SZ,洋河股份,buy,63.974,1100,70371.3,70.37,加仓，评分85(🔥 大胆攒股)，股息率7.27%，权重3.4%→6.6%,消费红利
2025-06-27,605117.SH,德业股份,buy,52.082,4100,213536.32,213.54,新买入，评分85(🔥 大胆攒股)，股息率7.30%，目标权重9.6%,防御红利
2025-06-27,600015.SH,华夏银行,buy,7.938,13500,107162.05,107.16,新买入，评分66(✅ 积极布局)，股息率5.11%，目标权重4.8%,金融红利
2025-06-27,688223.SH,晶科能源,buy,5.065,28300,143341.2,143.34,新买入，评分65(✅ 积极布局)，股息率4.43%，目标权重6.4%,防御红利
2025-09-26,600066.SH,宇通客车,sell,27.872,4400,122637.24,245.27,清仓，评分73(✅ 积极布局)，低于观察阈值，当前权重5.1%,消费红利
2025-09-26,600438.SH,通威股份,sell,21.718,7000,152027.82,304.06,清仓，评分64(👀 观察等待)，低于观察阈值，当前权重6.3%,防御红利
2025-09-26,605117.SH,德业股份,sell,72.827,1800,131088.78,262.18,减仓，评分72(✅ 积极布局)，权重12.4%→6.7%,防御红利
2025-09-26,600015.SH,华夏银行,sell,6.723,13500,90764.15,181.53,清仓，评分76(✅ 积极布局)，低于观察阈值，当前权重3.8%,金融红利
2025-09-26,688223.SH,晶科能源,sell,5.355,28300,151536.31,303.07,清仓，评分64(👀 观察等待)，低于观察阈值，当前权重6.3%,防御红利
2025-09-26,000858.SZ,五粮液,buy,120.29,900,108261.15,108.26,新买入，评分67(✅ 积极布局)，股息率4.78%，目标权重4.7%,消费红利
2025-09-26,600039.SH,四川路桥,buy,8.328,12100,100772.67,100.77,新买入，评分71(✅ 积极布局)，股息率4.98%，目标权重4.2%,基础设施红利
2025-09-26,600023.SH,浙能电力,buy,4.965,30400,150934.78,150.93,新买入，评分80(🔥 大胆攒股)，股息率5.85%，目标权重6.3%,基础设施红利
2025-09-26,601336.SH,新华保险,buy,60.43,4100,247764.52,247.76,新买入，评分62(👀 观察等待)，股息率4.19%，目标权重10.4%,金融红利
2025-09-26,511880.SH,银华日利,buy,128.844,500,64422.14,64.42,闲置现金扫入,现金管理
2025-12-26,600039.SH,四川路桥,sell,9.94,12100,120274.6,240.55,清仓，评分64(👀 观察等待)，低于观察阈值，当前权重4.7%,基础设施红利
2025-12-26,605117.SH,德业股份,sell,88.412,2300,203346.45,406.69,清仓，评分64(👀 观察等待)，低于观察阈值，当前权重8.0%,防御红利
2025-12-26,601336.SH,新华保险,sell,71.229,4100,292037.67,584.08,清仓，评分49(⏸️ 暂缓)，低于观察阈值，当前权重11.5%,金融红利
2025-12-26,000999.SZ,华润三九,buy,28.839,3600,103819.72,103.82,新买入，评分66(✅ 积极布局)，股息率4.58%，目标权重4.1%,消费红利
2025-12-26,000002.SZ,万科Ａ,buy,4.775,19700,94062.97,94.06,加仓，评分85(🔥 大胆攒股)，股息率14.26%，权重3.7%→7.4%,基础设施红利
2025-12-26,002459.SZ,晶澳科技,buy,11.832,4400,52060.01,52.06,加仓，评分70(✅ 积极布局)，股息率4.76%，权重5.3%→7.4%,防御红利
2025-12-26,688036.SH,传音控股,buy,67.177,1800,120918.8,120.92,新买入，评分65(✅ 积极布局)，股息率4.47%，目标权重4.9%,基础设施红利
2025-12-26,300628.SZ,亿联网络,buy,36.717,3300,121165.04,121.17,新买入，评分72(✅ 积极布局)，股息率5.18%，目标权重4.9%,基础设施红利
2025-12-26,511880.SH,银华日利,buy,129.188,1100,142106.6,142.11,闲置现金扫入,现金管理
2026-03-27,000999.SZ,华润三九,sell,27.932,3600,100555.34,201.11,清仓，评分70(✅ 积极布局)，低于观察阈值，当前权重4.3%,消费红利
2026-03-27,000858.SZ,五粮液,sell,102.547,900,92292.62,184.59,清仓，评分76(✅ 积极布局)，低于观察阈值，当前权重3.9%,消费红利
2026-03-27,688036.SH,传音控股,sell,56.833,1800,102299.6,204.6,清仓，评分72(✅ 积极布局)，低于观察阈值，当前权重4.3%,基础设施红利
2026-03-27,600023.SH,浙能电力,sell,5.704,30400,173410.42,346.82,清仓，评分71(✅ 积极布局)，低于观察阈值，当前权重7.4%,基础设施红利
2026-03-27,600690.SH,海尔智家,buy,22.252,4900,109035.93,109.04,新买入，评分82(🔥 大胆攒股)，股息率4.34%，目标权重4.7%,消费红利
2026-03-27,600438.SH,通威股份,buy,16.997,9900,168270.1,168.27,新买入，评分73(✅ 积极布局)，股息率5.33%，目标权重7.2%,防御红利
2026-03-27,603195.SH,公牛集团,buy,41.341,2600,107487.38,107.49,新买入，评分80(🔥 大胆攒股)，股息率5.81%，目标权重4.7%,消费红利
2026-03-27,511880.SH,银华日利,sell,129.268,1300,168048.51,336.1,释放现金用于调仓,现金管理
2026-03-27,601336.SH,新华保险,buy,63.383,4100,259871.61,259.87,新买入，评分55(👀 观察等待)，股息率4.00%，目标权重11.1%,金融红利
2026-03-27,511880.SH,银华日利,sell,129.268,400,51707.23,103.41,释放现金用于调仓,现金管理
2026-03-27,300628.SZ,亿联网络,buy,32.102,1400,44942.9,44.94,加仓，评分81(🔥 大胆攒股)，股息率5.92%，权重4.5%→6.5%,基础设施红利
